{
  "forge_marker": 1,
  "defaults": {
    "model": "cube_column",
    "textures": {
      "end": "temloe:blocks/rubber_tree/top",
      "side": "temloe:blocks/rubber_tree/side"
	  
	  
	  
	  "temloe:blocks/kkmoalg/上"
	  
	
    }
  },
  "variants": {
    "inventory": [
      {}
    ],
    "axis": {
      "x": {
        "x": 90,
        "y": 90
      },
      "y": {},
      "z": {
        "x": 90
      },
      "none": {}
    },
    "rubber": {
      "true": {
        "textures": {
          "end": "temloe:blocks/rubber_tree/top",
          "side": "temloe:blocks/rubber_tree/side_rubber"
        }
      },
      "false": {
        "textures": {
          "end": "temloe:blocksrubber_tree/top",
          "side": "temloe:blocks/rubber_tree/side"
        }
      }
    }
  }
}