{
	"parent": "block/cube",
	"textures": {
		"0": "temloe:blocks/bolmg_golm/bottom",
		"1": "temloe:blocks/bolmg_golm/side",
		"2": "temloe:blocks/bolmg_golm/top",
		"particle": "temloe:blocks/bolmg_golm/bottom"
	},
	"elements": [
		{
			"from": [0, 0, 0],
			"to": [16, 16, 16],
			"faces": {
				"north": {"uv": [0, 0, 16, 16], "texture": "#1"},
				"east": {"uv": [0, 0, 16, 16], "texture": "#1"},
				"south": {"uv": [0, 0, 16, 16], "texture": "#1"},
				"west": {"uv": [0, 0, 16, 16], "texture": "#1"},
				"up": {"uv": [0, 0, 16, 16], "texture": "#2"},
				"down": {"uv": [0, 0, 16, 16], "texture": "#0"}
			}
		}
	]
}